score,product_category_name_english,order_status,price_mean,price_min,price_sum,duration_mean,duration_min,duration_max
1,office_furniture,shipped,254.97,79.99,1529.82,"","",""
1,audio,canceled,19.9,19.9,19.9,"","",""
1,garden_tools,processing,237.17999999999998,14.5,2371.7999999999997,"","",""
1,food,shipped,52.19,19.62,208.76,"","",""
1,fashion_sport,processing,24.99,24.99,24.99,"","",""
1,telephony,shipped,61.23068965517241,12.97,1775.69,"","",""
1,dvds_blu_ray,canceled,719.95,19.9,1439.9,"","",""
1,perfumery,canceled,164.01454545454547,16.9,1804.16,-46.0,-46,-46
1,food_drink,delivered,35.99384615384615,9.0,467.91999999999996,8.846153846153847,-11,32
1,consoles_games,delivered,203.16738317757006,14.9,21738.909999999996,-4.5327102803738315,-36,165
1,sports_leisure,shipped,110.6668656716418,13.99,7414.68,"","",""
1,market_place,shipped,44.9,44.9,44.9,"","",""
1,fashion_male_clothing,canceled,49.0,49.0,49.0,"","",""
1,party_supplies,shipped,19.99,19.99,19.99,"","",""
1,books_technical,processing,267.0,267.0,267.0,"","",""
1,auto,delivered,215.24963362068985,8.0,99875.83000000009,-5.161637931034483,-50,181
1,fashion_shoes,shipped,199.7,199.7,199.7,"","",""
1,consoles_games,processing,147.79999999999998,59.0,886.8,"","",""
1,construction_tools_construction,canceled,63.7,12.9,127.4,"","",""
1,small_appliances_home_oven_and_coffee,shipped,384.495,189.99,768.99,"","",""
1,food,canceled,149.9,149.9,149.9,"","",""
1,cine_photo,invoiced,89.99,89.99,89.99,"","",""
1,computers,delivered,1185.1734782608694,599.0,27258.989999999998,-4.173913043478261,-25,31
1,telephony,delivered,73.51623326959832,6.9,38448.98999999992,-5.466539196940727,-48,123
1,cool_stuff,delivered,174.6171681415929,11.99,59195.22,-4.855457227138643,-42,47
1,stationery,processing,491.67,234.9,1966.68,"","",""
1,home_appliances,delivered,94.17166666666668,10.4,6780.360000000001,-7.333333333333333,-33,40
1,auto,invoiced,137.445,39.99,274.89,"","",""
1,small_appliances,processing,402.71714285714285,109.2,2819.02,"","",""
1,home_confort,shipped,131.93,67.9,395.79,"","",""
1,stationery,invoiced,118.59999999999998,29.9,1067.3999999999999,"","",""
1,fixed_telephony,shipped,16.5,16.5,16.5,"","",""
1,toys,invoiced,257.56333333333333,79.99,1545.38,"","",""
1,computers_accessories,invoiced,82.9108,8.9,2072.77,"","",""
1,books_technical,shipped,55.94,53.99,111.88,"","",""
1,furniture_living_room,shipped,72.99,72.99,72.99,"","",""
1,telephony,invoiced,189.1566666666667,14.87,2837.3500000000004,"","",""
1,furniture_living_room,processing,91.9,91.9,91.9,"","",""
1,home_appliances,shipped,47.1075,11.55,376.86,"","",""
1,market_place,processing,24.0,24.0,24.0,"","",""
1,health_beauty,shipped,104.56455696202532,5.0,8260.6,"","",""
1,furniture_bedroom,invoiced,114.99,114.99,229.98,"","",""
1,bed_bath_table,processing,61.17000000000001,12.0,428.19000000000005,"","",""
1,furniture_bedroom,processing,129.0,129.0,129.0,"","",""
1,fashion_shoes,canceled,104.94500000000001,69.9,209.89000000000001,"","",""
1,computers,shipped,876.3333333333334,599.0,2629.0,"","",""
1,construction_tools_lights,shipped,45.0,45.0,45.0,"","",""
1,air_conditioning,canceled,150.9,101.9,301.8,"","",""
1,fashio_female_clothing,shipped,54.9,54.9,54.9,"","",""
1,signaling_and_security,delivered,128.75900000000001,29.0,2575.1800000000003,-5.85,-21,76
1,costruction_tools_garden,delivered,73.25107142857142,25.45,2051.0299999999997,-10.821428571428571,-33,6
1,construction_tools_safety,processing,190.0,190.0,380.0,"","",""
1,fixed_telephony,delivered,528.5461702127659,10.99,24841.67,-9.02127659574468,-42,20
1,musical_instruments,invoiced,1775.9,1775.9,1775.9,"","",""
1,fashion_bags_accessories,delivered,85.8788524590164,12.0,15715.830000000002,-5.934426229508197,-45,65
1,construction_tools_construction,processing,246.45000000000002,48.9,1478.7,"","",""
1,market_place,invoiced,171.95,32.9,343.9,"","",""
1,home_appliances,canceled,85.145,41.29,170.29,"","",""
1,toys,shipped,78.74437499999999,4.99,1259.9099999999999,"","",""
1,art,processing,36.9,36.9,221.4,"","",""
1,books_imported,invoiced,44.99,44.99,44.99,"","",""
1,electronics,shipped,103.16666666666667,9.0,1547.5,"","",""
1,luggage_accessories,delivered,132.3292957746479,19.9,9395.380000000001,-7.352112676056338,-27,22
1,watches_gifts,shipped,354.6885106382979,29.0,16670.36,"","",""
1,drinks,invoiced,74.39200000000001,17.99,371.96000000000004,"","",""
1,home_construction,delivered,137.97710144927535,10.5,9520.42,-4.63768115942029,-38,175
1,computers_accessories,canceled,175.22949999999997,25.0,7009.179999999999,"","",""
1,agro_industry_and_commerce,invoiced,19.5,19.5,19.5,"","",""
1,cool_stuff,canceled,1156.0549999999996,29.9,13872.659999999996,"","",""
1,fashion_sport,delivered,205.9,205.9,205.9,-8.0,-8,-8
1,dvds_blu_ray,delivered,160.58375,16.9,1284.67,-8.625,-24,9
1,furniture_bedroom,shipped,199.0,199.0,199.0,"","",""
1,pet_shop,processing,105.85,67.5,211.7,"","",""
1,food,delivered,43.693333333333335,15.32,2228.36,0.6666666666666666,-21,104
1,books_general_interest,delivered,77.44533333333334,17.77,2323.36,-4.433333333333334,-44,28
1,christmas_supplies,processing,14.99,14.99,14.99,"","",""
1,musical_instruments,processing,42.57,42.57,42.57,"","",""
1,la_cuisine,delivered,110.25,24.0,441.0,-15.25,-16,-13
1,fashion_male_clothing,processing,96.9,96.9,96.9,"","",""
1,pet_shop,delivered,94.81926966292131,12.89,16877.829999999994,-8.067415730337078,-38,26
1,garden_tools,shipped,106.6044,12.49,2665.11,"","",""
1,party_supplies,delivered,107.9142857142857,21.9,755.3999999999999,-22.142857142857142,-37,-9
1,small_appliances,shipped,104.0,69.0,208.0,"","",""
1,fashion_shoes,delivered,88.53090909090909,29.9,1947.68,-8.181818181818182,-31,17
1,music,delivered,76.9175,24.97,307.67,-0.75,-28,22
1,housewares,delivered,91.07262382864798,4.9,68031.25000000004,-8.03748326639893,-46,152
1,housewares,canceled,80.69384615384617,5.53,3147.0600000000004,"","",""
1,construction_tools_construction,shipped,166.0,34.0,332.0,"","",""
1,christmas_supplies,canceled,12.99,12.99,12.99,"","",""
1,auto,processing,129.91083333333333,14.99,1558.93,"","",""
1,books_general_interest,shipped,21.0,21.0,21.0,"","",""
1,perfumery,processing,141.91,16.9,1419.1,"","",""
1,musical_instruments,delivered,329.07983050847463,4.9,19415.710000000003,1.2881355932203389,-29,166
1,fashion_underwear_beach,shipped,32.9,5.9,65.8,"","",""
1,air_conditioning,shipped,259.54,90.0,1297.7,"","",""
1,auto,shipped,117.48617647058825,7.99,3994.53,"","",""
1,costruction_tools_garden,canceled,11.270000000000001,11.27,33.81,"","",""
1,kitchen_dining_laundry_garden_furniture,shipped,143.0,139.0,429.0,"","",""
1,books_general_interest,canceled,201.43166666666664,33.99,1208.59,"","",""
1,diapers_and_hygiene,delivered,32.625,25.0,261.0,-11.5,-18,-7
1,drinks,delivered,68.94076923076925,11.0,2688.6900000000005,-3.282051282051282,-23,49
1,agro_industry_and_commerce,delivered,732.7752380952381,19.5,15388.28,-5.0,-18,19
1,food_drink,shipped,52.9,40.8,105.8,"","",""
1,fashion_shoes,processing,79.9,79.9,79.9,"","",""
1,home_appliances_2,shipped,698.9,698.9,698.9,"","",""
1,luggage_accessories,processing,167.495,34.99,334.99,"","",""
1,stationery,canceled,107.575,35.9,860.6,"","",""
1,security_and_services,delivered,100.0,100.0,100.0,-13.0,-13,-13
1,kitchen_dining_laundry_garden_furniture,delivered,173.4206060606061,19.9,5722.880000000001,-10.424242424242424,-47,23
1,furniture_mattress_and_upholstery,delivered,144.56666666666666,75.0,867.4,-0.3333333333333333,-11,12
1,fashio_female_clothing,invoiced,19.9,19.9,19.9,"","",""
1,toys,canceled,133.28208333333333,39.99,3198.77,-42.0,-42,-42
1,perfumery,unavailable,299.9,299.9,299.9,"","",""
1,musical_instruments,canceled,339.85875,24.0,2718.87,"","",""
1,fashio_female_clothing,processing,93.9,93.9,93.9,"","",""
1,cine_photo,delivered,113.62714285714286,53.99,795.39,-18.142857142857142,-31,4
1,toys,delivered,113.1056341463413,4.9,46373.30999999993,-3.3268292682926828,-40,119
1,air_conditioning,delivered,171.57829268292684,10.9,7034.71,-12.853658536585366,-35,33
1,sports_leisure,canceled,148.12190476190474,11.45,6221.119999999999,-17.0,-17,-17
1,stationery,shipped,112.44105263157896,12.99,2136.38,"","",""
1,furniture_bedroom,delivered,170.197,95.0,1701.97,-7.3,-27,22
1,fashio_female_clothing,delivered,98.29666666666667,29.99,294.89,-12.666666666666666,-20,-7
1,bed_bath_table,canceled,61.23199999999999,12.0,612.3199999999999,"","",""
1,home_comfort_2,delivered,12.9,12.9,116.10000000000001,-5.444444444444445,-18,20
1,pet_shop,canceled,109.756,19.99,548.78,"","",""
1,home_appliances_2,delivered,448.74052631578945,39.9,8526.07,-1.368421052631579,-19,22
1,christmas_supplies,delivered,75.97521739130434,12.7,1747.4299999999998,-0.13043478260869565,-23,47
1,garden_tools,invoiced,179.796,12.49,898.98,"","",""
1,pet_shop,invoiced,127.45,75.0,254.9,"","",""
1,office_furniture,invoiced,200.798,143.0,1003.99,"","",""
1,kitchen_dining_laundry_garden_furniture,canceled,129.0,129.0,258.0,"","",""
1,costruction_tools_tools,delivered,100.525,6.8,1005.25,-7.6,-17,8
1,construction_tools_lights,canceled,539.0,539.0,1078.0,"","",""
1,furniture_living_room,invoiced,224.99,179.99,449.98,"","",""
1,construction_tools_safety,delivered,213.934,8.9,6418.0199999999995,-11.433333333333334,-27,33
1,small_appliances,canceled,419.12833333333333,85.0,2514.77,"","",""
1,baby,invoiced,174.46076923076922,25.9,2267.99,"","",""
1,fashion_bags_accessories,canceled,200.13166666666666,29.99,1200.79,-29.0,-29,-29
1,auto,canceled,276.90529411764703,19.7,4707.389999999999,"","",""
1,construction_tools_safety,invoiced,31.96666666666667,29.0,95.9,"","",""
1,art,canceled,35.0,35.0,35.0,"","",""
1,industry_commerce_and_business,delivered,124.81148148148148,58.0,3369.91,-5.333333333333333,-28,34
1,housewares,processing,86.3615,28.78,1727.23,"","",""
1,home_confort,delivered,119.82449275362323,7.9,8267.890000000003,-5.768115942028985,-26,46
1,construction_tools_safety,canceled,99.9,99.9,99.9,"","",""
1,construction_tools_construction,delivered,118.36323529411766,0.85,12073.050000000001,-4.931372549019608,-41,70
1,telephony,canceled,88.85857142857142,18.99,1244.02,"","",""
1,small_appliances_home_oven_and_coffee,processing,87.16,87.16,87.16,"","",""
1,electronics,invoiced,38.596666666666664,21.9,115.78999999999999,"","",""
1,garden_tools,canceled,227.57466666666667,27.64,3413.62,"","",""
1,small_appliances_home_oven_and_coffee,delivered,807.175,38.71,3228.7,-2.25,-19,12
1,fashion_childrens_clothes,processing,49.9,49.9,49.9,"","",""
1,housewares,shipped,108.80152173913044,21.45,5004.87,"","",""
1,fashion_bags_accessories,shipped,61.28916666666667,12.6,735.47,"","",""
1,fashion_bags_accessories,invoiced,55.52285714285715,18.9,388.66,"","",""
1,computers_accessories,processing,240.8906666666667,15.9,3613.3600000000006,"","",""
1,garden_tools,delivered,101.50362403100766,8.88,52375.86999999995,-5.405038759689923,-46,143
1,baby,shipped,184.24272727272728,29.9,4053.34,"","",""
1,arts_and_craftmanship,delivered,88.59333333333332,9.8,265.78,0.0,-4,4
1,bed_bath_table,invoiced,74.36142857142856,16.9,1041.06,"","",""
1,perfumery,delivered,95.68754385964903,4.99,32725.139999999967,-5.8011695906432745,-38,77
1,health_beauty,canceled,80.1604,12.0,2004.01,"","",""
1,consoles_games,canceled,253.795,51.15,2537.95,"","",""
1,furniture_decor,delivered,89.89577452667838,7.8,104458.89000000028,-7.919965576592083,-69,167
1,watches_gifts,invoiced,534.0319999999999,248.0,2670.16,"","",""
1,luggage_accessories,canceled,79.65,47.9,318.6,"","",""
1,sports_leisure,invoiced,325.83074074074074,19.99,8797.43,"","",""
1,food_drink,processing,8.0,8.0,8.0,"","",""
1,stationery,delivered,91.24139534883716,4.2,19616.89999999999,-3.2046511627906975,-36,73
1,cool_stuff,processing,171.54999999999998,115.99,1200.85,"","",""
1,home_construction,shipped,53.23333333333333,39.9,159.7,"","",""
1,cool_stuff,shipped,167.86821428571426,42.9,4700.3099999999995,"","",""
1,baby,canceled,68.57764705882353,9.99,1165.82,"","",""
1,furniture_decor,invoiced,141.02363636363637,21.9,1551.26,"","",""
1,computers_accessories,shipped,104.40124999999999,8.9,5846.469999999999,"","",""
1,perfumery,shipped,75.86727272727273,8.9,1669.0800000000002,"","",""
1,electronics,canceled,20.0,20.0,20.0,"","",""
1,sports_leisure,delivered,118.2343660418966,5.99,107238.57000000023,-4.501653803748622,-43,68
1,cool_stuff,invoiced,96.14750000000001,42.9,384.59000000000003,"","",""
1,bed_bath_table,shipped,79.26015625000001,12.9,5072.650000000001,"","",""
1,office_furniture,processing,379.73999999999995,129.0,1898.6999999999998,"","",""
1,health_beauty,processing,95.22416666666668,28.9,1142.69,"","",""
1,drinks,shipped,35.44199999999999,14.99,354.41999999999996,"","",""
1,computers_accessories,delivered,123.58512699905953,6.5,131370.99000000028,-7.239171374764595,-52,132
1,office_furniture,delivered,155.4181104651163,25.0,53463.830000000016,-9.244186046511627,-36,49
1,construction_tools_lights,delivered,98.6432142857143,24.99,2762.01,-9.892857142857142,-36,15
1,art,delivered,99.98409090909091,13.0,2199.65,-7.045454545454546,-32,9
1,baby,processing,224.39555555555555,79.9,2019.56,"","",""
1,housewares,invoiced,71.44,49.9,857.28,"","",""
1,fashion_male_clothing,invoiced,39.945,29.99,79.89,"","",""
1,watches_gifts,canceled,213.4575,24.99,3415.32,"","",""
1,cine_photo,shipped,169.0,169.0,169.0,"","",""
1,electronics,delivered,58.61690095846641,5.99,18347.089999999986,-4.134185303514377,-37,66
1,food_drink,canceled,30.0,25.0,60.0,"","",""
1,audio,delivered,138.68966666666668,14.9,8321.380000000001,-2.0833333333333335,-27,24
1,books_imported,processing,99.0,99.0,99.0,"","",""
1,health_beauty,delivered,120.58293939393964,1.2,119377.11000000025,-3.6,-41,74
1,books_general_interest,processing,25.929999999999996,17.9,77.78999999999999,"","",""
1,flowers,delivered,48.824999999999996,21.6,195.29999999999998,-8.0,-17,5
1,food,processing,44.32000000000001,38.85,221.60000000000002,"","",""
1,home_appliances_2,canceled,1254.5,159.0,2509.0,"","",""
1,furniture_living_room,delivered,185.73646153846158,42.9,12072.870000000003,-3.4307692307692306,-30,85
1,market_place,delivered,93.7315625,9.99,2999.41,-9.4375,-28,26
1,books_technical,delivered,70.91047619047619,24.97,1489.12,-9.619047619047619,-27,15
1,diapers_and_hygiene,canceled,28.8,28.8,28.8,"","",""
1,bed_bath_table,delivered,90.62512164691238,7.9,145272.07000000053,-6.943231441048035,-53,63
1,watches_gifts,processing,183.18857142857146,108.99,5129.280000000001,"","",""
1,industry_commerce_and_business,shipped,545.45,110.0,1090.9,"","",""
1,furniture_living_room,canceled,139.0,139.0,139.0,"","",""
1,watches_gifts,delivered,187.3282309941522,19.99,128132.5100000001,-5.744152046783626,-49,50
1,furniture_mattress_and_upholstery,shipped,44.7,44.7,44.7,"","",""
1,consoles_games,shipped,120.0,120.0,120.0,"","",""
1,cool_stuff,unavailable,64.9,64.9,64.9,"","",""
1,baby,delivered,190.64070224719111,3.54,67868.09000000004,-4.042134831460674,-38,104
1,dvds_blu_ray,shipped,16.9,16.9,16.9,"","",""
1,furniture_decor,canceled,65.702,9.9,2299.5699999999997,"","",""
1,health_beauty,invoiced,239.66413793103445,6.0,6950.259999999999,"","",""
1,fashion_bags_accessories,processing,87.06,29.0,522.36,"","",""
1,electronics,processing,73.985,70.0,147.97,"","",""
1,fixed_telephony,canceled,586.2633333333333,99.9,1758.79,"","",""
1,electronics,unavailable,1199.0,1199.0,1199.0,"","",""
1,costruction_tools_garden,invoiced,45.9,45.9,45.9,"","",""
1,telephony,processing,238.196875,9.9,3811.15,"","",""
1,home_construction,invoiced,389.0,389.0,389.0,"","",""
1,market_place,canceled,90.0,90.0,90.0,"","",""
1,art,shipped,61.81666666666667,36.9,185.45000000000002,"","",""
1,fashion_male_clothing,shipped,24.9,24.9,49.8,"","",""
1,consoles_games,invoiced,224.29826086956524,15.0,5158.860000000001,"","",""
1,computers_accessories,approved,19.85,19.85,39.7,"","",""
1,home_appliances,invoiced,195.0,94.8,585.0,"","",""
1,baby,unavailable,79.495,59.99,158.99,"","",""
1,auto,unavailable,35.0,35.0,35.0,"","",""
1,fashion_male_clothing,delivered,93.72758620689655,24.9,2718.1,-8.482758620689655,-25,17
1,fashion_underwear_beach,delivered,64.795,24.99,907.13,0.7857142857142857,-27,17
1,sports_leisure,processing,165.69434782608695,11.2,3810.9700000000003,"","",""
1,agro_industry_and_commerce,shipped,388.974,57.88,1944.87,"","",""
1,musical_instruments,shipped,203.995,28.0,407.99,"","",""
1,furniture_decor,shipped,88.6791836734694,16.9,4345.280000000001,"","",""
1,luggage_accessories,shipped,133.012,45.9,665.06,"","",""
1,pet_shop,shipped,124.351,29.9,1243.51,"","",""
1,furniture_decor,processing,167.90527777777777,10.9,6044.59,"","",""
1,tablets_printing_image,delivered,194.8114285714286,35.9,1363.68,-0.14285714285714285,-21,17
1,books_imported,delivered,45.99250000000001,19.99,183.97000000000003,-4.75,-18,7
1,construction_tools_construction,invoiced,310.0,310.0,310.0,"","",""
1,kitchen_dining_laundry_garden_furniture,processing,54.49,54.49,54.49,"","",""
1,diapers_and_hygiene,shipped,38.0,38.0,38.0,"","",""
1,small_appliances,delivered,278.11892307692307,16.99,18077.73,-8.076923076923077,-29,27
1,toys,processing,249.22466666666665,81.0,3738.37,"","",""
1,perfumery,invoiced,121.29333333333334,8.9,1455.52,"","",""
1,air_conditioning,invoiced,101.9,101.9,101.9,"","",""
5,consoles_games,shipped,58.5,38.0,117.0,"","",""
5,home_appliances_2,shipped,665.63,89.99,1996.89,"","",""
5,fashion_childrens_clothes,delivered,74.27857142857144,39.99,519.95,-15.714285714285714,-23,-2
5,home_appliances,delivered,107.82354906054276,6.19,51647.47999999998,-13.707724425887266,-43,9
5,luggage_accessories,invoiced,59.9,59.9,59.9,"","",""
5,furniture_living_room,delivered,139.70152941176454,13.9,35623.889999999956,-13.494117647058824,-51,11
5,fashion_underwear_beach,delivered,75.08716417910449,3.9,5030.840000000001,-14.059701492537313,-39,0
5,perfumery,shipped,106.45599999999999,47.9,532.28,"","",""
5,home_appliances_2,delivered,504.9029230769231,13.9,65637.38,-15.26923076923077,-36,3
5,fashion_bags_accessories,delivered,75.50916243654846,6.0,89251.83000000028,-14.584602368866328,-41,11
5,fashion_shoes,delivered,91.01808383233532,25.9,15200.019999999999,-15.916167664670658,-40,1
5,auto,shipped,98.0,98.0,98.0,"","",""
5,auto,delivered,129.41762025316442,3.49,306719.75999999966,-12.789362600253272,-58,58
5,kitchen_dining_laundry_garden_furniture,delivered,152.20565517241374,19.9,22069.819999999992,-12.944827586206896,-64,2
5,computers_accessories,shipped,67.9475,19.99,543.58,"","",""
5,cool_stuff,delivered,170.4189789520828,7.0,380545.5800000009,-13.926556202418272,-66,58
5,construction_tools_lights,delivered,141.5393081761006,12.51,22504.749999999996,-11.383647798742139,-36,15
5,la_cuisine,delivered,136.11,105.0,1224.99,-17.333333333333332,-23,-12
5,agro_industry_and_commerce,delivered,265.73435185185184,19.5,28699.309999999998,-13.527777777777779,-43,0
5,watches_gifts,invoiced,494.0,494.0,494.0,"","",""
5,garden_tools,delivered,110.54440808080786,6.35,273597.40999999945,-13.206464646464646,-56,21
5,home_construction,canceled,78.0,78.0,78.0,"","",""
5,cool_stuff,shipped,199.0,199.0,199.0,"","",""
5,furniture_bedroom,invoiced,250.0,250.0,250.0,"","",""
5,construction_tools_construction,delivered,165.35893536121685,0.85,86978.80000000006,-12.790874524714829,-42,8
5,drinks,invoiced,75.0,75.0,75.0,"","",""
5,food_drink,delivered,51.68455056179774,6.5,9199.849999999999,-12.893258426966293,-35,3
5,fashion_bags_accessories,processing,20.45,8.9,40.9,"","",""
5,computers,delivered,1112.5798347107439,560.0,134622.16,-12.561983471074381,-32,5
5,pet_shop,shipped,168.0,168.0,168.0,"","",""
5,christmas_supplies,delivered,55.592337662337684,6.0,4280.6100000000015,-15.12987012987013,-41,1
5,books_general_interest,canceled,26.0,26.0,26.0,"","",""
5,food,shipped,82.0,82.0,82.0,"","",""
5,cds_dvds_musicals,delivered,55.0,45.0,550.0,-17.2,-26,-7
5,home_construction,shipped,113.85,113.85,113.85,"","",""
5,fashion_bags_accessories,shipped,37.72714285714285,28.99,264.09,"","",""
5,costruction_tools_tools,delivered,153.55328571428572,9.88,10748.73,-13.0,-32,7
5,baby,shipped,11.9,11.9,11.9,"","",""
5,small_appliances,shipped,675.06,591.07,1350.12,"","",""
5,cool_stuff,invoiced,119.0,119.0,119.0,"","",""
5,furniture_decor,delivered,87.20856307623043,4.9,387816.4799999967,-13.650550933213403,-147,144
5,garden_tools,invoiced,699.99,699.99,699.99,"","",""
5,perfumery,canceled,64.9,59.9,129.8,-45.0,-45,-45
5,pet_shop,delivered,114.51619883040964,2.9,137075.89000000033,-13.50125313283208,-45,14
5,fixed_telephony,delivered,133.20454545454538,6.99,16117.749999999993,-15.958677685950413,-43,2
5,small_appliances,delivered,253.72894348894363,6.5,103267.68000000005,-15.255528255528256,-63,3
5,furniture_living_room,shipped,103.99,103.99,103.99,"","",""
5,furniture_bedroom,delivered,176.89641791044778,6.9,11852.060000000001,-14.417910447761194,-34,0
5,health_beauty,invoiced,69.99,69.99,69.99,"","",""
5,sports_leisure,shipped,137.74529411764706,14.99,2341.67,"","",""
5,office_furniture,delivered,169.02472580645187,25.0,104795.33000000016,-13.187096774193549,-51,14
5,housewares,invoiced,74.2,59.9,148.4,"","",""
5,sports_leisure,delivered,111.46128059525999,5.49,569232.7599999928,-13.432824128476302,-67,132
5,toys,delivered,120.3675239234449,6.9,301881.7499999998,-13.708815317112085,-58,78
5,construction_tools_safety,delivered,239.88299999999992,19.9,23988.299999999992,-13.12,-56,0
5,books_general_interest,invoiced,119.5,119.5,119.5,"","",""
5,costruction_tools_garden,delivered,102.72788732394365,8.82,14587.359999999999,-13.556338028169014,-41,3
5,housewares,delivered,92.25045832284022,3.98,366326.5699999985,-13.319818685469656,-124,77
5,sports_leisure,canceled,147.22,65.0,588.88,"","",""
5,dvds_blu_ray,delivered,71.2884210526316,8.9,2708.960000000001,-14.552631578947368,-28,-2
5,computers_accessories,delivered,115.25849880668166,3.9,482933.10999999614,-13.788066825775656,-48,155
5,diapers_and_hygiene,delivered,56.982499999999995,30.0,683.79,-13.0,-24,0
5,baby,canceled,47.9,47.9,47.9,"","",""
5,musical_instruments,delivered,277.32829145728675,16.9,110376.66000000013,-13.613065326633166,-41,5
5,market_place,delivered,89.0050625,10.0,14240.81,-16.1,-140,4
5,furniture_mattress_and_upholstery,delivered,94.02105263157895,75.0,1786.4,-10.0,-18,2
5,air_conditioning,delivered,196.23503067484654,14.99,31986.309999999987,-15.45398773006135,-39,-1
5,home_comfort_2,delivered,41.613076923076925,12.9,540.97,-11.76923076923077,-21,-1
5,food,delivered,62.127611464968105,9.99,19508.069999999985,-11.305732484076433,-50,6
5,books_imported,invoiced,77.0,77.0,77.0,"","",""
5,fashio_female_clothing,delivered,62.819,22.4,1256.38,-12.4,-29,2
5,books_imported,delivered,81.57577777777777,18.99,3670.91,-11.844444444444445,-28,-5
5,stationery,shipped,105.44999999999999,84.9,421.79999999999995,"","",""
5,music,delivered,164.26041666666666,3.85,3942.25,-16.75,-28,0
5,audio,delivered,156.2997883597883,14.9,29540.65999999999,-13.052910052910052,-43,8
5,office_furniture,invoiced,279.99,279.99,279.99,"","",""
5,home_appliances,invoiced,8.6,8.6,8.6,"","",""
5,home_construction,delivered,136.2918060200669,8.97,40751.25,-12.80267558528428,-47,5
5,small_appliances_home_oven_and_coffee,delivered,615.2168,10.19,30760.84,-13.1,-36,2
5,garden_tools,shipped,146.75,59.0,587.0,"","",""
5,art,processing,3.5,3.5,3.5,"","",""
5,books_general_interest,delivered,84.34354430379739,8.9,33315.69999999997,-12.901015228426395,-42,12
5,musical_instruments,processing,48.0,48.0,288.0,"","",""
5,telephony,delivered,67.92333477321823,5.0,157242.5200000002,-13.043628509719223,-55,109
5,furniture_decor,shipped,71.54307692307692,12.99,930.0600000000001,"","",""
5,electronics,shipped,37.862500000000004,12.9,151.45000000000002,"","",""
5,health_beauty,delivered,133.0497369769411,2.2,779006.2099999901,-13.511016225448335,-53,97
5,audio,shipped,98.0,98.0,98.0,"","",""
5,sports_leisure,invoiced,219.99,219.99,219.99,"","",""
5,musical_instruments,canceled,750.0,750.0,750.0,"","",""
5,fashion_sport,delivered,75.80722222222221,24.99,1364.5299999999997,-12.666666666666666,-19,8
5,fashion_male_clothing,processing,69.9,69.9,69.9,"","",""
5,home_confort,delivered,133.97978260869556,8.0,30815.34999999998,-11.843478260869565,-33,17
5,housewares,shipped,87.84916666666668,14.56,1054.19,"","",""
5,flowers,delivered,30.844761904761906,15.6,647.74,-13.666666666666666,-22,-5
5,housewares,canceled,711.5,119.0,2134.5,"","",""
5,perfumery,processing,125.9,125.9,125.9,"","",""
5,watches_gifts,processing,129.9,129.9,129.9,"","",""
5,party_supplies,delivered,96.56043478260871,7.99,2220.8900000000003,-15.26086956521739,-27,-5
5,cine_photo,delivered,93.49470588235293,6.8,4768.23,-10.803921568627452,-35,2
5,watches_gifts,delivered,212.16201441008593,8.99,706711.6699999962,-13.449083808951636,-61,134
5,watches_gifts,shipped,178.5,79.0,357.0,"","",""
5,bed_bath_table,shipped,93.88214285714285,13.9,1314.35,"","",""
5,books_general_interest,shipped,26.424999999999997,19.95,52.849999999999994,"","",""
5,bed_bath_table,delivered,94.84033921772073,7.5,547987.4799999903,-13.032710280373832,-65,111
5,furniture_decor,invoiced,224.95,50.0,449.9,"","",""
5,art,delivered,139.99891891891892,5.35,15539.88,-14.477477477477477,-109,5
5,fashion_male_clothing,delivered,78.51910447761195,14.9,5260.780000000001,-14.059701492537313,-35,-2
5,signaling_and_security,delivered,89.86375,4.5,10064.74,-13.580357142857142,-35,0
5,stationery,canceled,59.9,59.9,59.9,"","",""
5,books_technical,delivered,73.58877659574466,9.95,13834.689999999997,-12.351063829787234,-42,13
5,musical_instruments,shipped,485.0,485.0,485.0,"","",""
5,computers_accessories,invoiced,109.7,48.0,548.5,"","",""
5,perfumery,delivered,122.24735892691938,4.99,264298.7899999997,-13.924606845513413,-64,59
5,health_beauty,canceled,117.64750000000001,49.9,470.59000000000003,-45.0,-45,-45
5,toys,shipped,119.95599999999999,65.0,599.78,"","",""
5,stationery,delivered,91.59083009079144,2.29,141233.0600000004,-13.674448767833981,-45,96
5,bed_bath_table,canceled,68.23333333333333,47.9,204.70000000000002,"","",""
5,consoles_games,invoiced,129.9,129.9,129.9,"","",""
5,health_beauty,shipped,136.58700000000002,18.19,1365.8700000000001,"","",""
5,telephony,invoiced,31.89,31.89,31.89,"","",""
5,perfumery,unavailable,249.9,249.9,249.9,"","",""
5,luggage_accessories,delivered,130.99774468085147,14.5,92353.4100000003,-13.28936170212766,-40,42
5,electronics,delivered,56.62810631229258,5.3,85225.30000000034,-12.457142857142857,-48,104
5,toys,canceled,107.53999999999999,39.9,537.6999999999999,"","",""
5,garden_tools,canceled,149.0,149.0,298.0,"","",""
5,consoles_games,delivered,128.4289743589746,5.18,80139.68000000015,-13.195512820512821,-47,28
5,industry_commerce_and_business,delivered,167.85253333333333,27.9,25177.879999999997,-13.644295302013424,-47,7
5,telephony,canceled,23.656666666666666,15.99,70.97,"","",""
5,computers,invoiced,1649.99,1649.99,1649.99,"","",""
5,telephony,shipped,30.438,13.47,304.38,"","",""
5,drinks,delivered,61.47635922330093,6.0,12664.129999999992,-12.995145631067961,-54,0
5,baby,delivered,126.3368913422431,3.85,217425.7900000004,-13.163858221963974,-50,81
5,auto,canceled,93.28888888888889,53.4,839.6,"","",""
5,tablets_printing_image,delivered,85.27348837209301,14.9,3666.7599999999998,-14.116279069767442,-31,-1
5,auto,invoiced,107.26666666666667,15.9,321.8,"","",""
5,kitchen_dining_laundry_garden_furniture,canceled,129.0,129.0,129.0,"","",""
5,computers_accessories,canceled,349.49,349.49,349.49,"","",""
5,arts_and_craftmanship,delivered,74.97066666666666,11.9,1124.56,-7.0,-17,-1
5,construction_tools_construction,shipped,171.0,171.0,171.0,"","",""
5,electronics,canceled,27.5,27.5,27.5,"","",""
4,furniture_living_room,delivered,112.38455445544551,19.9,11350.839999999997,-12.900990099009901,-40,3
4,home_construction,invoiced,210.0,210.0,210.0,"","",""
4,musical_instruments,canceled,42.57,42.57,42.57,"","",""
4,bed_bath_table,invoiced,45.9,45.9,45.9,"","",""
4,bed_bath_table,shipped,95.28,13.9,1333.92,"","",""
4,perfumery,delivered,114.0756521739131,4.99,60346.020000000026,-12.137996219281664,-45,121
4,pet_shop,delivered,106.26178160919531,5.99,36979.09999999997,-12.339080459770114,-36,10
4,stationery,canceled,169.45,79.0,338.9,"","",""
4,baby,processing,32.9,32.9,32.9,"","",""
4,fashion_underwear_beach,delivered,66.2190322580645,5.9,2052.7899999999995,-11.612903225806452,-24,5
4,signaling_and_security,delivered,87.29666666666667,16.0,2880.79,-13.757575757575758,-31,1
4,food_drink,invoiced,15.7,12.5,62.8,"","",""
4,computers_accessories,canceled,76.92,67.42,153.84,"","",""
4,books_technical,delivered,68.04666666666667,19.9,2653.82,-8.820512820512821,-28,15
4,party_supplies,delivered,192.5,22.5,962.5,-11.6,-25,-2
4,electronics,delivered,59.11375420875409,3.99,35113.56999999993,-11.964646464646465,-41,12
4,sports_leisure,delivered,116.26693259121858,5.2,188003.63000000044,-12.455163883735313,-47,42
4,luggage_accessories,delivered,128.4126699029125,14.5,26453.009999999977,-12.640776699029127,-49,20
4,art,shipped,99.99,99.99,99.99,"","",""
4,housewares,approved,169.9,169.9,169.9,"","",""
4,auto,delivered,123.33472350230441,5.73,107054.54000000023,-11.888248847926267,-52,153
4,housewares,shipped,62.56666666666667,24.9,375.40000000000003,"","",""
4,flowers,delivered,31.78333333333333,16.8,190.7,-13.0,-16,-9
4,baby,invoiced,89.94500000000001,59.99,179.89000000000001,"","",""
4,drinks,delivered,58.23285714285715,6.0,4891.56,-10.94047619047619,-46,5
4,garden_tools,canceled,449.0,449.0,449.0,"","",""
4,musical_instruments,shipped,114.9,114.9,114.9,"","",""
4,luggage_accessories,shipped,60.0,60.0,60.0,"","",""
4,fashion_shoes,delivered,88.49863636363636,29.9,3893.94,-16.272727272727273,-40,1
4,costruction_tools_tools,delivered,194.1509523809524,14.0,4077.17,-12.666666666666666,-20,-3
4,telephony,processing,23.99,23.99,23.99,"","",""
4,costruction_tools_garden,delivered,135.61302325581394,10.91,5831.36,-14.162790697674419,-52,1
4,health_beauty,invoiced,62.489999999999995,34.99,124.97999999999999,"","",""
4,garden_tools,delivered,120.6485820895525,6.35,97001.46000000021,-13.006218905472636,-38,21
4,perfumery,processing,79.0,79.0,79.0,"","",""
4,home_appliances,invoiced,10.8,10.8,10.8,"","",""
4,arts_and_craftmanship,delivered,78.42666666666668,15.99,235.28000000000003,-10.666666666666666,-18,-7
4,housewares,delivered,88.00855118110269,5.0,111770.86000000042,-12.195275590551182,-49,161
4,food,delivered,53.83695652173915,15.32,4953.000000000002,-11.152173913043478,-33,3
4,consoles_games,delivered,125.18729857819899,5.18,26414.519999999986,-12.213270142180095,-44,21
4,market_place,delivered,88.58797297297298,15.0,6555.51,-15.5,-71,7
4,home_comfort_2,delivered,12.9,12.9,51.6,-14.25,-27,-6
4,toys,delivered,115.42316831683195,8.49,81604.18000000018,-12.813295615275813,-61,55
4,security_and_services,delivered,183.29,183.29,183.29,-21.0,-21,-21
4,music,delivered,148.38833333333335,16.1,890.33,-15.0,-24,-4
4,la_cuisine,delivered,389.0,389.0,389.0,-12.0,-12,-12
4,home_confort,delivered,138.24508196721314,19.9,8432.95,-9.704918032786885,-22,6
4,telephony,invoiced,462.995,170.0,925.99,"","",""
4,tablets_printing_image,delivered,73.72714285714285,14.9,1548.27,-12.19047619047619,-30,15
4,auto,shipped,59.9,59.9,59.9,"","",""
4,housewares,processing,24.75,24.75,49.5,"","",""
4,fashio_female_clothing,invoiced,19.9,19.9,19.9,"","",""
4,cool_stuff,delivered,148.74795640327008,8.9,109181.00000000023,-12.700272479564033,-52,138
4,construction_tools_lights,delivered,141.73333333333335,12.51,8929.2,-11.666666666666666,-30,0
4,home_appliances,shipped,69.9,69.9,69.9,"","",""
4,electronics,shipped,12.9,12.9,12.9,"","",""
4,books_general_interest,delivered,80.07141176470591,6.0,6806.070000000002,-11.611764705882353,-31,18
4,watches_gifts,delivered,189.6296675651394,10.99,211057.82000000015,-12.23989218328841,-44,161
4,computers,delivered,1053.8354761904761,34.5,44261.09,-12.238095238095237,-28,0
4,furniture_decor,shipped,114.28555555555555,45.0,1028.57,"","",""
4,agro_industry_and_commerce,delivered,293.2785964912281,12.99,16716.88,-10.912280701754385,-32,4
4,food_drink,delivered,60.35673913043478,12.99,2776.41,-12.130434782608695,-34,0
4,home_appliances,delivered,112.03580246913577,8.7,18149.799999999996,-12.54320987654321,-35,13
4,baby,delivered,117.58379746835452,9.0,65023.84000000005,-12.694394213381555,-44,50
4,furniture_bedroom,invoiced,250.0,250.0,250.0,"","",""
4,kitchen_dining_laundry_garden_furniture,delivered,166.684,18.5,10001.039999999999,-11.966666666666667,-33,1
4,watches_gifts,shipped,350.605,49.0,3506.05,"","",""
4,telephony,shipped,30.182,17.95,150.91,"","",""
4,books_imported,delivered,54.996,18.99,274.98,-12.6,-15,-8
4,fashion_bags_accessories,delivered,69.19887290167856,9.8,28855.929999999957,-14.148681055155876,-42,11
4,industry_commerce_and_business,delivered,121.41375000000001,38.0,6799.17,-14.071428571428571,-48,3
4,home_construction,delivered,148.31323943661963,10.5,21060.479999999985,-12.54225352112676,-28,1
4,computers_accessories,shipped,58.7475,22.99,234.99,"","",""
4,dvds_blu_ray,delivered,35.082307692307694,14.9,456.07,-14.846153846153847,-27,-2
4,cine_photo,delivered,89.02499999999999,15.9,534.15,-11.333333333333334,-21,-2
4,diapers_and_hygiene,delivered,44.0,37.0,264.0,-14.5,-37,-2
4,baby,shipped,108.26666666666667,55.0,324.8,"","",""
4,auto,invoiced,175.0,175.0,175.0,"","",""
4,fashion_male_clothing,delivered,83.40368421052631,24.9,1584.6699999999998,-13.421052631578947,-30,14
4,cds_dvds_musicals,delivered,45.0,45.0,135.0,-15.666666666666666,-21,-5
4,pet_shop,shipped,66.44500000000001,32.99,132.89000000000001,"","",""
4,toys,shipped,116.66333333333334,55.0,349.99,"","",""
4,garden_tools,shipped,125.7333333333333,37.4,377.19999999999993,"","",""
4,christmas_supplies,delivered,53.25675675675675,7.84,1970.4999999999998,-12.756756756756756,-26,14
4,sports_leisure,invoiced,18.38,18.38,36.76,"","",""
4,home_appliances_2,canceled,159.0,159.0,159.0,"","",""
4,bed_bath_table,canceled,27.9,27.9,27.9,"","",""
4,audio,delivered,121.55842105263159,14.9,6928.830000000001,-10.175438596491228,-23,12
4,furniture_bedroom,delivered,228.04833333333332,89.99,4104.87,-16.88888888888889,-44,1
4,small_appliances_home_oven_and_coffee,delivered,693.1514285714285,27.72,9704.119999999999,-10.5,-28,-1
4,fixed_telephony,delivered,105.56178571428572,6.0,5911.46,-16.392857142857142,-39,-2
4,health_beauty,processing,109.9,109.9,109.9,"","",""
4,construction_tools_construction,delivered,143.3799418604651,0.85,24661.349999999995,-12.412790697674419,-40,7
4,computers_accessories,delivered,120.01154045307474,5.2,185417.83000000048,-13.340453074433658,-47,22
4,furniture_mattress_and_upholstery,delivered,167.61,75.0,1340.88,-12.375,-17,-7
4,consoles_games,shipped,174.455,79.99,348.91,"","",""
4,stationery,delivered,90.23578288100198,7.9,43222.93999999995,-11.941544885177453,-36,28
4,office_furniture,delivered,154.97527131782945,25.0,59975.42999999999,-11.55813953488372,-43,155
4,fashio_female_clothing,delivered,38.822307692307696,19.9,504.69000000000005,-11.307692307692308,-25,-3
4,garden_tools,invoiced,412.945,125.9,825.89,"","",""
4,perfumery,shipped,118.94999999999999,49.99,475.79999999999995,"","",""
4,telephony,delivered,75.2680392156865,6.9,72934.73000000021,-11.6687306501548,-42,54
4,cool_stuff,shipped,189.66857142857143,38.99,1327.68,"","",""
4,watches_gifts,canceled,248.25,248.25,248.25,"","",""
4,health_beauty,delivered,130.84982931135968,4.5,222313.8600000001,-12.632136550912302,-58,134
4,musical_instruments,delivered,307.2998449612402,16.9,39641.679999999986,-11.945736434108527,-34,8
4,health_beauty,canceled,104.45,9.9,208.9,"","",""
4,fashion_sport,delivered,44.28625,24.99,354.29,-13.75,-19,-9
4,art,delivered,89.45447368421054,14.9,3399.2700000000004,-11.18421052631579,-26,2
4,small_appliances,delivered,327.7642424242423,12.99,43264.87999999998,-13.840909090909092,-42,8
4,bed_bath_table,delivered,93.42245638849633,6.99,198149.03000000073,-12.068363979255068,-61,126
4,home_confort,shipped,89.9,89.9,89.9,"","",""
4,housewares,canceled,26.9,26.9,26.9,"","",""
4,furniture_decor,delivered,88.84847739361736,6.57,133628.1100000005,-12.806515957446809,-75,80
4,baby,canceled,49.99,49.99,49.99,"","",""
4,construction_tools_safety,delivered,164.41621621621624,19.9,6083.400000000001,-11.054054054054054,-34,0
4,fashion_shoes,shipped,71.82,71.82,71.82,"","",""
4,books_general_interest,shipped,31.0,31.0,31.0,"","",""
4,office_furniture,shipped,98.46000000000001,79.98,196.92000000000002,"","",""
4,home_appliances_2,delivered,414.8766101694914,17.99,24477.719999999994,-14.40677966101695,-32,3
4,health_beauty,shipped,195.39600000000002,19.99,976.98,"","",""
4,garden_tools,processing,499.0,499.0,499.0,"","",""
4,air_conditioning,delivered,178.28377358490567,13.9,9449.04,-12.735849056603774,-25,6
4,sports_leisure,shipped,134.6975,89.0,538.79,"","",""
4,telephony,canceled,9.9,9.9,9.9,"","",""
3,furniture_decor,shipped,64.22999999999999,13.55,642.3,"","",""
3,baby,delivered,125.87399224806191,9.99,32475.489999999972,-11.286821705426357,-48,78
3,christmas_supplies,invoiced,35.0,35.0,35.0,"","",""
3,housewares,shipped,140.697,34.9,1406.97,"","",""
3,furniture_decor,delivered,84.5691777188329,6.5,63765.16000000001,-11.844827586206897,-135,48
3,music,delivered,223.525,16.1,894.1,-12.5,-20,-3
3,toys,shipped,78.965,55.0,315.86,"","",""
3,market_place,shipped,79.9,79.9,79.9,"","",""
3,office_furniture,shipped,136.99,136.99,136.99,"","",""
3,toys,delivered,99.66003215434071,7.99,30994.26999999996,-10.392282958199356,-45,37
3,fashion_bags_accessories,shipped,47.96333333333333,39.99,143.89,"","",""
3,watches_gifts,canceled,1800.0,1800.0,1800.0,"","",""
3,bed_bath_table,delivered,88.6338198198202,10.5,98383.54000000043,-11.216216216216216,-56,56
3,drinks,delivered,39.12300000000001,16.49,1173.6900000000003,-10.633333333333333,-20,16
3,health_beauty,canceled,60.541999999999994,29.99,302.71,12.0,12,12
3,christmas_supplies,delivered,59.07636363636363,5.5,649.8399999999999,-13.181818181818182,-29,1
3,tablets_printing_image,delivered,84.98333333333333,14.9,509.9,-17.666666666666668,-32,-7
3,watches_gifts,invoiced,254.9,254.9,254.9,"","",""
3,fashio_female_clothing,delivered,47.440000000000005,19.9,332.08000000000004,-11.285714285714286,-21,-4
3,garden_tools,delivered,103.0657183908045,12.1,35866.869999999966,-12.008620689655173,-41,24
3,computers_accessories,invoiced,51.95,8.9,103.9,"","",""
3,kitchen_dining_laundry_garden_furniture,delivered,229.30161290322582,9.6,7108.35,-11.0,-28,7
3,office_furniture,delivered,160.04248962655586,25.0,38570.23999999996,-12.493775933609959,-55,11
3,small_appliances,delivered,342.3989743589744,19.9,13353.560000000001,-9.23076923076923,-35,32
3,auto,delivered,146.88189102564093,3.5,45827.149999999965,-9.743589743589743,-58,159
3,telephony,delivered,64.65556541019942,6.9,29159.659999999938,-10.0,-45,55
3,party_supplies,delivered,61.720000000000006,21.9,308.6,-6.4,-15,0
3,home_comfort_2,delivered,12.9,12.9,38.7,-0.3333333333333333,-6,11
3,perfumery,delivered,107.00595454545443,4.99,23541.309999999976,-10.645454545454545,-42,49
3,computers_accessories,shipped,109.67285714285715,31.9,767.71,"","",""
3,furniture_living_room,canceled,139.0,139.0,139.0,"","",""
3,home_construction,delivered,99.51540000000001,21.7,4975.77,-10.68,-23,14
3,baby,processing,139.99,139.99,139.99,"","",""
3,consoles_games,invoiced,69.9,69.9,69.9,"","",""
3,arts_and_craftmanship,delivered,62.796666666666674,19.0,188.39000000000001,-8.666666666666666,-10,-6
3,small_appliances_home_oven_and_coffee,delivered,579.225,21.9,2316.9,-6.0,-13,2
3,fashion_bags_accessories,delivered,72.1476331360947,14.9,12192.950000000004,-11.585798816568047,-38,20
3,watches_gifts,shipped,234.98000000000002,59.0,1174.9,"","",""
3,furniture_living_room,delivered,102.66181818181818,22.9,5646.4,-11.145454545454545,-28,25
3,books_technical,delivered,45.099000000000004,14.95,450.99,-6.3,-16,3
3,fashion_shoes,delivered,75.2611111111111,25.9,1354.6999999999998,-13.277777777777779,-28,0
3,books_imported,delivered,77.0,77.0,154.0,-6.0,-8,-4
3,construction_tools_safety,canceled,213.9,213.9,855.6,"","",""
3,costruction_tools_garden,delivered,158.64538461538461,28.45,2062.39,-10.692307692307692,-28,5
3,furniture_decor,canceled,37.87,37.87,37.87,"","",""
3,luggage_accessories,shipped,99.9,99.9,99.9,"","",""
3,home_construction,shipped,730.0,730.0,730.0,"","",""
3,auto,shipped,99.14,14.9,495.7,"","",""
3,auto,processing,51.45,51.45,51.45,"","",""
3,telephony,shipped,76.335,14.9,610.68,"","",""
3,food,delivered,47.550000000000004,19.99,1236.3000000000002,-10.384615384615385,-26,-2
3,signaling_and_security,delivered,196.0835714285714,16.0,5490.339999999999,-14.785714285714286,-34,8
3,housewares,processing,7.9,7.9,31.6,"","",""
3,pet_shop,delivered,111.43110344827585,16.0,16157.509999999998,-11.041379310344828,-37,27
3,signaling_and_security,processing,139.9,139.9,139.9,"","",""
3,art,delivered,93.24,29.99,1771.56,-14.473684210526315,-27,1
3,toys,canceled,79.86333333333333,36.99,239.59,"","",""
3,furniture_bedroom,delivered,183.18,95.0,915.9,-10.0,-17,-6
3,home_confort,shipped,77.9,77.9,77.9,"","",""
3,cine_photo,delivered,64.73,15.9,323.65000000000003,-9.0,-17,-2
3,housewares,canceled,24.9,24.9,24.9,"","",""
3,fixed_telephony,delivered,101.44684210526317,10.99,1927.4900000000002,-16.63157894736842,-41,-1
3,home_confort,delivered,143.95581818181822,24.9,7917.5700000000015,-6.472727272727273,-26,137
3,audio,delivered,128.6391891891892,14.9,4759.650000000001,-10.027027027027026,-33,15
3,bed_bath_table,canceled,44.900000000000006,19.9,89.80000000000001,"","",""
3,toys,processing,328.89,328.89,328.89,"","",""
3,electronics,canceled,40.0,40.0,40.0,"","",""
3,housewares,delivered,84.02099656357379,3.06,48900.21999999994,-11.539518900343642,-36,49
3,bed_bath_table,shipped,85.41411764705882,39.9,1452.04,"","",""
3,electronics,delivered,53.993013698630115,5.99,11824.469999999996,-10.438356164383562,-34,15
3,home_appliances,shipped,117.6,117.6,117.6,"","",""
3,cool_stuff,shipped,168.50875000000002,26.8,1348.0700000000002,"","",""
3,dvds_blu_ray,delivered,8.9,8.9,8.9,-6.0,-6,-6
3,sports_leisure,shipped,94.8575,5.85,1138.29,"","",""
3,fashion_underwear_beach,delivered,93.825,49.9,750.6,-11.625,-21,5
3,garden_tools,shipped,216.6975,59.9,866.79,"","",""
3,watches_gifts,processing,149.0,149.0,149.0,"","",""
3,signaling_and_security,shipped,54.28,54.28,54.28,"","",""
3,small_appliances,invoiced,89.0,89.0,89.0,"","",""
3,books_general_interest,delivered,80.826,10.9,1616.52,-11.75,-28,2
3,health_beauty,processing,399.9,399.9,399.9,"","",""
3,computers,delivered,971.0909090909091,599.0,10682.0,-13.090909090909092,-29,-1
3,cool_stuff,canceled,84.4,68.9,168.8,"","",""
3,cds_dvds_musicals,delivered,45.0,45.0,45.0,-17.0,-17,-17
3,agro_industry_and_commerce,delivered,296.3176923076923,13.0,3852.13,-12.615384615384615,-28,-2
3,fashion_male_clothing,delivered,100.58285714285715,40.9,704.08,-17.571428571428573,-28,-7
3,cool_stuff,delivered,148.39692810457507,11.87,45409.45999999997,-11.660130718954248,-41,38
3,costruction_tools_tools,delivered,29.9,29.9,29.9,-16.0,-16,-16
3,diapers_and_hygiene,delivered,26.545454545454547,25.0,292.0,-7.7272727272727275,-14,-3
3,baby,canceled,29.99,29.99,29.99,"","",""
3,construction_tools_construction,delivered,157.27730337078648,3.99,13997.679999999997,-13.0561797752809,-37,19
3,consoles_games,delivered,136.55686956521737,8.99,15704.039999999997,-9.243478260869566,-40,15
3,health_beauty,delivered,120.01381208053719,6.0,89410.29000000021,-11.016107382550336,-51,50
3,fashion_bags_accessories,processing,39.0,39.0,39.0,"","",""
3,luggage_accessories,delivered,97.19267605633806,13.33,6900.680000000002,-13.056338028169014,-29,-2
3,health_beauty,shipped,96.77111111111111,15.75,1741.88,"","",""
3,flowers,delivered,38.15,16.4,76.3,-5.0,-6,-4
3,office_furniture,invoiced,209.99,209.99,209.99,"","",""
3,office_furniture,canceled,380.0,380.0,380.0,"","",""
3,industry_commerce_and_business,delivered,113.44565217391305,55.0,2609.25,-10.304347826086957,-29,7
3,perfumery,shipped,102.15,69.9,204.3,"","",""
3,air_conditioning,delivered,142.57083333333333,24.9,3421.7,-13.458333333333334,-29,13
3,musical_instruments,invoiced,22.9,22.9,22.9,"","",""
3,telephony,invoiced,344.45,39.9,688.9,"","",""
3,home_appliances,delivered,67.57828125,14.45,4325.01,-12.25,-34,0
3,construction_tools_lights,delivered,136.26483870967743,29.0,4224.21,-10.0,-30,5
3,perfumery,canceled,20.9,20.9,41.8,"","",""
3,fashion_sport,delivered,64.9,59.9,129.8,-7.5,-15,0
3,baby,shipped,119.93333333333334,20.0,359.8,"","",""
3,auto,canceled,190.2725,27.99,761.09,"","",""
3,musical_instruments,delivered,225.08999999999997,15.9,10129.05,-8.511111111111111,-40,29
3,books_technical,shipped,14.95,14.95,14.95,"","",""
3,market_place,delivered,116.71966666666667,28.99,3501.59,-10.166666666666666,-28,17
3,construction_tools_safety,delivered,150.4146153846154,25.0,1955.39,-14.0,-31,-6
3,sports_leisure,canceled,77.46333333333334,53.99,232.39000000000001,"","",""
3,health_beauty,invoiced,92.96,48.89,278.88,"","",""
3,computers_accessories,delivered,105.31662500000009,3.9,67402.64000000006,-10.80625,-35,54
3,industry_commerce_and_business,invoiced,79.9,79.9,79.9,"","",""
3,fashion_underwear_beach,shipped,79.9,79.9,79.9,"","",""
3,computers_accessories,canceled,26.9,26.9,26.9,"","",""
3,drinks,canceled,49.99,49.99,49.99,"","",""
3,sports_leisure,delivered,104.9744778481013,4.5,66343.87000000002,-11.322784810126583,-49,47
3,food_drink,delivered,86.76517241379311,8.99,2516.19,-9.620689655172415,-21,15
3,stationery,delivered,87.1294375,7.5,13940.71,-10.66875,-32,24
3,garden_tools,processing,29.0,29.0,29.0,"","",""
3,watches_gifts,delivered,167.06371482176374,17.9,89044.96000000008,-10.833020637898686,-56,28
3,furniture_mattress_and_upholstery,delivered,94.66666666666667,44.7,284.0,12.0,-6,48
3,bed_bath_table,invoiced,57.900000000000006,15.9,115.80000000000001,"","",""
3,home_appliances_2,delivered,304.144705882353,30.09,5170.460000000001,-1.4705882352941178,-30,162
2,kitchen_dining_laundry_garden_furniture,invoiced,54.9,54.9,54.9,"","",""
2,party_supplies,delivered,108.9,67.9,217.8,-19.5,-24,-15
2,computers_accessories,shipped,77.8375,19.99,622.7,"","",""
2,air_conditioning,delivered,178.975,99.0,1431.8,-6.375,-21,8
2,computers,delivered,929.95,560.0,1859.9,-15.0,-16,-14
2,furniture_living_room,delivered,137.71304347826086,36.99,3167.3999999999996,-11.956521739130435,-34,8
2,furniture_decor,delivered,77.95209115281493,8.73,29076.12999999997,-11.630026809651474,-52,74
2,bed_bath_table,shipped,160.49,48.0,1765.39,"","",""
2,consoles_games,invoiced,60.03,60.03,60.03,"","",""
2,fashion_bags_accessories,delivered,78.23037735849057,12.99,4146.21,-10.660377358490566,-50,15
2,signaling_and_security,delivered,76.0,27.0,304.0,0.75,-8,12
2,stationery,shipped,96.95,54.9,193.9,"","",""
2,drinks,shipped,47.49,47.49,47.49,"","",""
2,baby,invoiced,129.99,129.99,129.99,"","",""
2,auto,shipped,198.96333333333334,27.9,596.89,"","",""
2,bed_bath_table,delivered,95.64277665995964,12.9,47534.45999999994,-10.164989939637827,-56,41
2,sports_leisure,delivered,129.50775330396468,7.99,29398.25999999998,-10.136563876651982,-32,27
2,construction_tools_safety,invoiced,339.9,339.9,339.9,"","",""
2,christmas_supplies,delivered,44.730000000000004,9.56,89.46000000000001,-11.5,-17,-6
2,electronics,delivered,47.484000000000016,5.99,4748.4000000000015,-9.89,-46,29
2,art,delivered,106.7057142857143,99.99,746.94,-7.857142857142857,-21,1
2,fashion_underwear_beach,invoiced,89.9,89.9,89.9,"","",""
2,garden_tools,invoiced,155.0,155.0,155.0,"","",""
2,construction_tools_safety,delivered,109.37,9.9,328.11,-7.0,-19,13
2,books_technical,delivered,46.65428571428571,19.9,326.58,-9.571428571428571,-24,16
2,furniture_decor,invoiced,99.9,99.9,99.9,"","",""
2,musical_instruments,canceled,199.0,199.0,199.0,"","",""
2,toys,shipped,133.99,133.99,133.99,"","",""
2,computers_accessories,invoiced,183.67166666666665,42.9,1102.03,"","",""
2,toys,canceled,81.0,81.0,162.0,"","",""
2,electronics,canceled,235.0875,15.9,1880.7,"","",""
2,bed_bath_table,canceled,44.95,40.0,89.9,"","",""
2,dvds_blu_ray,delivered,83.99,83.99,83.99,6.0,6,6
2,telephony,shipped,77.06714285714285,11.99,539.47,"","",""
2,consoles_games,delivered,137.61272727272728,19.9,4541.22,-11.121212121212121,-41,10
2,health_beauty,shipped,116.17714285714285,23.99,813.24,"","",""
2,fashion_shoes,delivered,89.98,32.9,809.82,-5.666666666666667,-27,21
2,audio,delivered,53.499,14.9,1069.98,-6.9,-20,15
2,costruction_tools_garden,shipped,410.0,410.0,410.0,"","",""
2,furniture_decor,canceled,29.9,29.9,29.9,"","",""
2,watches_gifts,canceled,452.3,49.0,1356.9,"","",""
2,construction_tools_construction,delivered,180.3244827586207,12.9,5229.41,-5.275862068965517,-26,27
2,costruction_tools_garden,delivered,77.24875,28.45,617.99,-23.375,-47,-9
2,health_beauty,invoiced,106.07,69.99,318.21,"","",""
2,home_construction,delivered,141.06756756756755,10.5,5219.499999999999,-11.567567567567568,-34,7
2,computers_accessories,delivered,107.74763837638369,9.9,29199.60999999998,-10.498154981549815,-43,46
2,cool_stuff,delivered,154.26608695652166,21.5,17740.59999999999,-7.791304347826087,-41,188
2,musical_instruments,delivered,227.50190476190477,28.0,4777.54,-10.904761904761905,-28,13
2,fashio_female_clothing,delivered,104.26666666666667,49.0,312.8,-3.3333333333333335,-8,6
2,tablets_printing_image,delivered,73.3,35.9,439.8,-15.0,-19,-10
2,construction_tools_construction,shipped,150.0,150.0,150.0,"","",""
2,sports_leisure,shipped,103.4725,35.0,413.89,"","",""
2,books_imported,delivered,135.0,135.0,135.0,-11.0,-11,-11
2,market_place,delivered,55.38333333333333,28.99,498.45,-14.444444444444445,-33,-5
2,consoles_games,shipped,32.5,32.5,32.5,"","",""
2,sports_leisure,processing,199.0,199.0,199.0,"","",""
2,industry_commerce_and_business,delivered,61.85999999999999,35.0,618.5999999999999,-12.0,-19,0
2,books_general_interest,shipped,18.0,18.0,18.0,"","",""
2,furniture_bedroom,shipped,169.0,169.0,169.0,"","",""
2,computers_accessories,canceled,46.445,22.99,92.89,"","",""
2,cool_stuff,shipped,209.63,109.9,628.89,"","",""
2,watches_gifts,delivered,155.28687499999995,19.9,32299.66999999999,-8.889423076923077,-33,25
2,perfumery,shipped,91.77833333333332,16.9,550.67,"","",""
2,drinks,delivered,31.495,19.49,188.97,-23.833333333333332,-25,-18
2,stationery,canceled,89.99,89.99,89.99,"","",""
2,auto,delivered,144.3483333333333,6.9,20786.159999999996,-10.13888888888889,-36,94
2,watches_gifts,shipped,165.68285714285713,19.9,1159.78,"","",""
2,books_general_interest,delivered,177.21428571428572,39.9,1240.5,-10.857142857142858,-15,6
2,stationery,processing,18.99,18.99,18.99,"","",""
2,auto,canceled,38.8,27.9,77.6,"","",""
2,housewares,processing,49.9,49.9,49.9,"","",""
2,fixed_telephony,processing,498.5,498.5,2492.5,"","",""
2,agro_industry_and_commerce,delivered,844.2142857142857,19.5,5909.5,-1.2857142857142858,-11,23
2,housewares,canceled,17.9,17.9,89.5,"","",""
2,office_furniture,shipped,169.99,169.99,169.99,"","",""
2,cool_stuff,canceled,207.0,199.0,414.0,"","",""
2,construction_tools_lights,delivered,84.0395238095238,40.0,1764.83,-12.19047619047619,-18,7
2,furniture_mattress_and_upholstery,delivered,44.7,44.7,44.7,-10.0,-10,-10
2,furniture_decor,processing,77.96333333333332,54.9,233.89,"","",""
2,toys,invoiced,124.94500000000001,99.9,249.89000000000001,"","",""
2,cine_photo,delivered,134.475,99.95,268.95,-2.5,-10,5
2,fashion_male_clothing,delivered,61.56666666666667,49.9,184.70000000000002,-7.666666666666667,-15,3
2,housewares,shipped,81.554,28.99,407.77,"","",""
2,auto,processing,25.945,20.9,51.89,"","",""
2,food_drink,delivered,14.7,10.9,73.5,-31.4,-40,0
2,bed_bath_table,processing,165.0,165.0,165.0,"","",""
2,musical_instruments,invoiced,67.088,60.76,335.44,"","",""
2,luggage_accessories,delivered,149.96458333333334,58.0,3599.15,-7.041666666666667,-42,22
2,telephony,processing,640.0,640.0,640.0,"","",""
2,office_furniture,delivered,146.66593023255808,69.99,12613.269999999995,-11.406976744186046,-45,33
2,garden_tools,delivered,92.29971223021585,10.0,12829.660000000003,-8.122302158273381,-31,22
2,computers_accessories,processing,134.625,29.35,269.25,"","",""
2,fashion_bags_accessories,invoiced,69.0,69.0,69.0,"","",""
2,health_beauty,delivered,118.7509956709956,9.8,27431.47999999998,-7.238095238095238,-46,35
2,food,delivered,50.33875,20.49,805.42,-7.0,-34,47
2,small_appliances,processing,687.0,687.0,687.0,"","",""
2,fashion_underwear_beach,delivered,80.65571428571427,24.99,564.5899999999999,-0.5714285714285714,-12,12
2,small_appliances,canceled,113.275,86.9,226.55,"","",""
2,baby,delivered,176.28637254901957,15.9,17981.209999999995,-7.823529411764706,-37,48
2,perfumery,delivered,100.63205882352942,6.3,10264.470000000001,-7.294117647058823,-33,28
2,garden_tools,canceled,85.9,85.9,85.9,"","",""
2,home_appliances_2,delivered,536.6411111111112,139.9,4829.77,-4.111111111111111,-19,42
2,baby,shipped,74.04,35.9,370.20000000000005,"","",""
2,kitchen_dining_laundry_garden_furniture,delivered,125.978,51.99,629.89,-25.2,-28,-18
2,home_appliances,delivered,63.593333333333334,11.4,953.9,-9.133333333333333,-23,3
2,furniture_bedroom,delivered,159.0,95.0,477.0,0.3333333333333333,-9,5
2,furniture_living_room,shipped,569.0,569.0,569.0,"","",""
2,telephony,delivered,69.42164772727266,10.87,12218.209999999988,-9.125,-37,27
2,fashion_bags_accessories,shipped,89.99,89.99,89.99,"","",""
2,telephony,invoiced,170.0,170.0,170.0,"","",""
2,small_appliances_home_oven_and_coffee,delivered,579.0,579.0,579.0,-11.0,-11,-11
2,home_comfort_2,delivered,12.9,12.9,12.9,7.0,7,7
2,watches_gifts,processing,129.9,129.9,129.9,"","",""
2,stationery,delivered,78.61615384615384,9.9,6132.0599999999995,-7.269230769230769,-30,23
2,cool_stuff,processing,313.95,254.9,627.9,"","",""
2,pet_shop,delivered,84.1605172413793,9.9,4881.3099999999995,-11.03448275862069,-30,18
2,furniture_decor,shipped,48.92,39.9,244.60000000000002,"","",""
2,sports_leisure,invoiced,123.95,53.9,247.9,"","",""
2,costruction_tools_tools,delivered,42.9,42.9,42.9,11.0,11,11
2,housewares,delivered,91.59771084337343,5.31,22807.829999999984,-11.538152610441767,-45,26
2,fixed_telephony,delivered,504.37153846153836,10.99,6556.829999999999,-13.384615384615385,-30,5
2,fashion_sport,delivered,64.99,64.99,64.99,-8.0,-8,-8
2,watches_gifts,invoiced,91.5,58.0,183.0,"","",""
2,sports_leisure,canceled,632.8299999999999,399.76,1265.6599999999999,"","",""
2,electronics,invoiced,60.0,60.0,60.0,"","",""
2,home_confort,delivered,166.55235294117648,6.99,2831.3900000000003,-11.117647058823529,-32,12
2,luggage_accessories,invoiced,189.9,189.9,189.9,"","",""
2,health_beauty,processing,159.0,159.0,159.0,"","",""
2,toys,delivered,110.3555882352941,13.9,11256.269999999999,-7.176470588235294,-31,21
2,pet_shop,shipped,59.99,59.99,59.99,"","",""
2,garden_tools,shipped,179.63333333333333,59.9,538.9,"","",""
2,cool_stuff,invoiced,130.0,130.0,130.0,"","",""
2,costruction_tools_garden,canceled,129.9,129.9,129.9,"","",""
2,small_appliances,delivered,300.69315789473677,16.9,5713.169999999998,-12.578947368421053,-28,0
